[
  {
    "index": 0,
    "imgSrc": "upload/f92b8c74f244da8506896f0dc9dfeaf8"
  },
  {
    "index": 0,
    "imgSrc": "upload/cdbf55a443185b2607ffd5067f50217e"
  },
  {
    "index": 0,
    "imgSrc": "upload/ac24e6098b2be88015f10ac98d349b7c"
  },
  {
    "index": 0,
    "imgSrc": "upload/ec9f56afdd7a5a82d53c5cd06f67bd39"
  },
  {
    "index": 0,
    "imgSrc": "upload/b5844cbfd5125c6cdbc6d98cb5dafa5b"
  },
  {
    "index": 0,
    "imgSrc": "upload/0a22be6b1c50826d529a5321adfc643f"
  },
  {
    "index": 0,
    "imgSrc": "upload/c0c847a78e9cc7cf27d507390c5a7b8f"
  }
]