[
  {
    "title": "test",
    "poweredBy": "test",
    "uploadedBy": "test",
    "imagePath": "upload/f92b8c74f244da8506896f0dc9dfeaf8",
    "uploadTime": "10/22/2024, 9:56:22 AM"
  },
  {
    "title": "Test2",
    "poweredBy": "Test2",
    "uploadedBy": "Lydia",
    "imagePath": "upload/cdbf55a443185b2607ffd5067f50217e",
    "uploadTime": "10/22/2024, 12:02:26 PM"
  },
  {
    "title": "Moon",
    "poweredBy": "Midjourney",
    "uploadedBy": "Lydia",
    "imagePath": "upload/ac24e6098b2be88015f10ac98d349b7c",
    "uploadTime": "10/22/2024, 12:05:23 PM"
  },
  {
    "title": "Cecilia",
    "poweredBy": "Midjourney",
    "uploadedBy": "Lydia",
    "imagePath": "upload/ec9f56afdd7a5a82d53c5cd06f67bd39",
    "uploadTime": "10/22/2024, 12:06:15 PM"
  },
  {
    "title": "Memory",
    "poweredBy": "Stable Diffusion",
    "uploadedBy": "Lydia",
    "imagePath": "upload/b5844cbfd5125c6cdbc6d98cb5dafa5b",
    "uploadTime": "10/22/2024, 12:07:36 PM"
  },
  {
    "title": "Bird",
    "poweredBy": "Midjourney",
    "uploadedBy": "Lydia",
    "imagePath": "upload/0a22be6b1c50826d529a5321adfc643f",
    "uploadTime": "10/22/2024, 12:13:36 PM"
  },
  {
    "title": "Old room",
    "poweredBy": "ChatGPT",
    "uploadedBy": "Lydia",
    "imagePath": "upload/c0c847a78e9cc7cf27d507390c5a7b8f",
    "uploadTime": "10/22/2024, 1:40:49 PM"
  }
]